[{"model": "auth.permission", "pk": 1, "fields": {"name": "Can add log entry", "content_type": 1, "codename": "add_logentry"}}, {"model": "auth.permission", "pk": 2, "fields": {"name": "Can change log entry", "content_type": 1, "codename": "change_logentry"}}, {"model": "auth.permission", "pk": 3, "fields": {"name": "Can delete log entry", "content_type": 1, "codename": "delete_logentry"}}, {"model": "auth.permission", "pk": 4, "fields": {"name": "Can view log entry", "content_type": 1, "codename": "view_logentry"}}, {"model": "auth.permission", "pk": 5, "fields": {"name": "Can add permission", "content_type": 2, "codename": "add_permission"}}, {"model": "auth.permission", "pk": 6, "fields": {"name": "Can change permission", "content_type": 2, "codename": "change_permission"}}, {"model": "auth.permission", "pk": 7, "fields": {"name": "Can delete permission", "content_type": 2, "codename": "delete_permission"}}, {"model": "auth.permission", "pk": 8, "fields": {"name": "Can view permission", "content_type": 2, "codename": "view_permission"}}, {"model": "auth.permission", "pk": 9, "fields": {"name": "Can add group", "content_type": 3, "codename": "add_group"}}, {"model": "auth.permission", "pk": 10, "fields": {"name": "Can change group", "content_type": 3, "codename": "change_group"}}, {"model": "auth.permission", "pk": 11, "fields": {"name": "Can delete group", "content_type": 3, "codename": "delete_group"}}, {"model": "auth.permission", "pk": 12, "fields": {"name": "Can view group", "content_type": 3, "codename": "view_group"}}, {"model": "auth.permission", "pk": 13, "fields": {"name": "Can add user", "content_type": 4, "codename": "add_user"}}, {"model": "auth.permission", "pk": 14, "fields": {"name": "Can change user", "content_type": 4, "codename": "change_user"}}, {"model": "auth.permission", "pk": 15, "fields": {"name": "Can delete user", "content_type": 4, "codename": "delete_user"}}, {"model": "auth.permission", "pk": 16, "fields": {"name": "Can view user", "content_type": 4, "codename": "view_user"}}, {"model": "auth.permission", "pk": 17, "fields": {"name": "Can add content type", "content_type": 5, "codename": "add_contenttype"}}, {"model": "auth.permission", "pk": 18, "fields": {"name": "Can change content type", "content_type": 5, "codename": "change_contenttype"}}, {"model": "auth.permission", "pk": 19, "fields": {"name": "Can delete content type", "content_type": 5, "codename": "delete_contenttype"}}, {"model": "auth.permission", "pk": 20, "fields": {"name": "Can view content type", "content_type": 5, "codename": "view_contenttype"}}, {"model": "auth.permission", "pk": 21, "fields": {"name": "Can add session", "content_type": 6, "codename": "add_session"}}, {"model": "auth.permission", "pk": 22, "fields": {"name": "Can change session", "content_type": 6, "codename": "change_session"}}, {"model": "auth.permission", "pk": 23, "fields": {"name": "Can delete session", "content_type": 6, "codename": "delete_session"}}, {"model": "auth.permission", "pk": 24, "fields": {"name": "Can view session", "content_type": 6, "codename": "view_session"}}, {"model": "auth.permission", "pk": 25, "fields": {"name": "Can add custom user", "content_type": 7, "codename": "add_customuser"}}, {"model": "auth.permission", "pk": 26, "fields": {"name": "Can change custom user", "content_type": 7, "codename": "change_customuser"}}, {"model": "auth.permission", "pk": 27, "fields": {"name": "Can delete custom user", "content_type": 7, "codename": "delete_customuser"}}, {"model": "auth.permission", "pk": 28, "fields": {"name": "Can view custom user", "content_type": 7, "codename": "view_customuser"}}, {"model": "auth.permission", "pk": 29, "fields": {"name": "Can add rental property", "content_type": 8, "codename": "add_rentalproperty"}}, {"model": "auth.permission", "pk": 30, "fields": {"name": "Can change rental property", "content_type": 8, "codename": "change_rentalproperty"}}, {"model": "auth.permission", "pk": 31, "fields": {"name": "Can delete rental property", "content_type": 8, "codename": "delete_rentalproperty"}}, {"model": "auth.permission", "pk": 32, "fields": {"name": "Can view rental property", "content_type": 8, "codename": "view_rentalproperty"}}, {"model": "auth.permission", "pk": 33, "fields": {"name": "Can add user rating", "content_type": 9, "codename": "add_userrating"}}, {"model": "auth.permission", "pk": 34, "fields": {"name": "Can change user rating", "content_type": 9, "codename": "change_userrating"}}, {"model": "auth.permission", "pk": 35, "fields": {"name": "Can delete user rating", "content_type": 9, "codename": "delete_userrating"}}, {"model": "auth.permission", "pk": 36, "fields": {"name": "Can view user rating", "content_type": 9, "codename": "view_userrating"}}, {"model": "auth.permission", "pk": 37, "fields": {"name": "Can add reservation", "content_type": 10, "codename": "add_reservation"}}, {"model": "auth.permission", "pk": 38, "fields": {"name": "Can change reservation", "content_type": 10, "codename": "change_reservation"}}, {"model": "auth.permission", "pk": 39, "fields": {"name": "Can delete reservation", "content_type": 10, "codename": "delete_reservation"}}, {"model": "auth.permission", "pk": 40, "fields": {"name": "Can view reservation", "content_type": 10, "codename": "view_reservation"}}, {"model": "auth.permission", "pk": 41, "fields": {"name": "Can add notification", "content_type": 11, "codename": "add_notification"}}, {"model": "auth.permission", "pk": 42, "fields": {"name": "Can change notification", "content_type": 11, "codename": "change_notification"}}, {"model": "auth.permission", "pk": 43, "fields": {"name": "Can delete notification", "content_type": 11, "codename": "delete_notification"}}, {"model": "auth.permission", "pk": 44, "fields": {"name": "Can view notification", "content_type": 11, "codename": "view_notification"}}, {"model": "auth.permission", "pk": 45, "fields": {"name": "Can add comment chain", "content_type": 12, "codename": "add_commentchain"}}, {"model": "auth.permission", "pk": 46, "fields": {"name": "Can change comment chain", "content_type": 12, "codename": "change_commentchain"}}, {"model": "auth.permission", "pk": 47, "fields": {"name": "Can delete comment chain", "content_type": 12, "codename": "delete_commentchain"}}, {"model": "auth.permission", "pk": 48, "fields": {"name": "Can view comment chain", "content_type": 12, "codename": "view_commentchain"}}, {"model": "auth.user", "pk": 1, "fields": {"password": "pbkdf2_sha256$390000$6Wn36pMTc8O9zrcSf9KqX6$1dszLQ6/sIqPYWjXNcUpycC00rWVKZEW3GK//9jrwzo=", "last_login": null, "is_superuser": false, "username": "Phill", "first_name": "Phill", "last_name": "Dunphy", "email": "123@gmail.com", "is_staff": false, "is_active": true, "date_joined": "2023-04-18T18:57:23.793Z", "groups": [], "user_permissions": []}}, {"model": "auth.user", "pk": 2, "fields": {"password": "pbkdf2_sha256$390000$hhkne9DzVQwI2stiCt6hCo$2d7g1pr+uvMf4pYzwEjGec4hYqwDnl++7QvTtYajdHE=", "last_login": null, "is_superuser": false, "username": "Gloria", "first_name": "Gloria", "last_name": "Prichett", "email": "123@gmail.com", "is_staff": false, "is_active": true, "date_joined": "2023-04-18T18:58:03.745Z", "groups": [], "user_permissions": []}}, {"model": "auth.user", "pk": 3, "fields": {"password": "pbkdf2_sha256$390000$QwwrgMPCHIu6g2ClKSJ8w1$+pujyI2V02297dMGbT1Vp/OHHt8Oy7UI78/mG3Kdt3U=", "last_login": null, "is_superuser": false, "username": "Cam", "first_name": "Cameron", "last_name": "Tucker", "email": "123@gmail.com", "is_staff": false, "is_active": true, "date_joined": "2023-04-18T19:16:25.885Z", "groups": [], "user_permissions": []}}, {"model": "auth.user", "pk": 4, "fields": {"password": "pbkdf2_sha256$390000$PUcmDSUhUKEyFQ1YccCzMO$263mqf0kykc6T5NrfcdmlTa9sxpLaYt/OW4SkYKknZU=", "last_login": null, "is_superuser": false, "username": "Mitchell", "first_name": "Mitchell", "last_name": "Prichett", "email": "123@gmail.com", "is_staff": false, "is_active": true, "date_joined": "2023-04-18T19:17:30.468Z", "groups": [], "user_permissions": []}}, {"model": "contenttypes.contenttype", "pk": 1, "fields": {"app_label": "admin", "model": "logentry"}}, {"model": "contenttypes.contenttype", "pk": 2, "fields": {"app_label": "auth", "model": "permission"}}, {"model": "contenttypes.contenttype", "pk": 3, "fields": {"app_label": "auth", "model": "group"}}, {"model": "contenttypes.contenttype", "pk": 4, "fields": {"app_label": "auth", "model": "user"}}, {"model": "contenttypes.contenttype", "pk": 5, "fields": {"app_label": "contenttypes", "model": "contenttype"}}, {"model": "contenttypes.contenttype", "pk": 6, "fields": {"app_label": "sessions", "model": "session"}}, {"model": "contenttypes.contenttype", "pk": 7, "fields": {"app_label": "api", "model": "customuser"}}, {"model": "contenttypes.contenttype", "pk": 8, "fields": {"app_label": "api", "model": "rentalproperty"}}, {"model": "contenttypes.contenttype", "pk": 9, "fields": {"app_label": "api", "model": "userrating"}}, {"model": "contenttypes.contenttype", "pk": 10, "fields": {"app_label": "api", "model": "reservation"}}, {"model": "contenttypes.contenttype", "pk": 11, "fields": {"app_label": "api", "model": "notification"}}, {"model": "contenttypes.contenttype", "pk": 12, "fields": {"app_label": "api", "model": "commentchain"}}, {"model": "api.customuser", "pk": 1, "fields": {"user": 1, "phone_number": "", "avatar": "", "is_host": false}}, {"model": "api.customuser", "pk": 2, "fields": {"user": 2, "phone_number": "", "avatar": "", "is_host": false}}, {"model": "api.customuser", "pk": 3, "fields": {"user": 3, "phone_number": "", "avatar": "", "is_host": true}}, {"model": "api.customuser", "pk": 4, "fields": {"user": 4, "phone_number": "", "avatar": "", "is_host": true}}, {"model": "api.rentalproperty", "pk": 1, "fields": {"owner": 3, "name": "Chic Toronto Loft 2bd 2ba - Free Parking+Fast Wifi", "address": "123 Maple Grove Avenue", "city": "Toronto", "country": "Canada", "price": 259.0, "max_guests": 4, "beds": 2, "baths": 2, "main_image": "property/cf0ae524-439e-45d8-a5f1-f2394c4a8538.webp", "img1": "property/b62487d2-4a3b-48d0-a89e-c90c030c1f57.webp", "img2": "property/d3663949-2fc3-47bb-b8e7-5c7ff3b2d0bb.webp", "img3": "property/da9c3a17-3b73-4bdc-929e-e5631a954041.webp", "img4": "property/f905d261-5435-41e2-b274-5f4ad7966d69.webp", "description": "Spacious 3 bedroom with  an amazing city view.", "amenities": "wifi,balcony,kitchen,tv,parking"}}, {"model": "api.rentalproperty", "pk": 2, "fields": {"owner": 3, "name": "Lovely 1 bedroom suite with rooftop pool", "address": "8467 Blue Jay Way", "city": "Toronto", "country": "Canada", "price": 146.0, "max_guests": 2, "beds": 1, "baths": 1, "main_image": "property/01446b3c-5d5f-4487-9726-c04f045fa87e.webp", "img1": "property/0a4d3eaf-ae08-4a61-aad1-ff4060b45250.webp", "img2": "property/7046202a-9b82-41b3-94bb-374e1802335c.webp", "img3": "property/fdb1d1d2-a2ed-46eb-b511-9a22489ad77d.webp", "img4": "property/35db9e34-9023-4738-bc51-96652c624214.webp", "description": "Make some memories at this unique and family-friendly place , we hope you enjoy your stay at our beautiful condo. This beautiful suite is located in Humber Bay Shores only a 7 min drive downtown and 15 min drive to the airport!", "amenities": "balcony,pool,air_conditioning,tv,kitchen,wifi"}}, {"model": "api.rentalproperty", "pk": 3, "fields": {"owner": 3, "name": "Yorkville Luxurious High-End Condominium", "address": "592 River Bend Crescent", "city": "Toronto", "country": "Canada", "price": 300.0, "max_guests": 2, "beds": 1, "baths": 1, "main_image": "property/5b8f1ceb-c579-4b8c-b678-be8d65be6a0a.webp", "img1": "property/46a59529-ffda-4a47-9684-bf2d19f74b15.webp", "img2": "property/885214f0-2f3b-43de-824c-46f10cdab010.webp", "img3": "property/b6b4557e-583e-4612-b837-a40fe1467b94.webp", "img4": "property/fcf0b800-fdf3-41de-ad4a-4480e3e0bf9a.webp", "description": "Originally, A Four Seasons Hotel Suite, this apartment is located in Yorkville, one of the most luxurious areas in downtown Toronto.", "amenities": "wifi,kitchen,air_conditioning,tv,parking"}}, {"model": "api.rentalproperty", "pk": 4, "fields": {"owner": 3, "name": "Bright & sunny walkout basement", "address": "419 Whispering Pine Drive,", "city": "Toronto", "country": "Canada", "price": 88.0, "max_guests": 3, "beds": 2, "baths": 1, "main_image": "property/7b8db764-1cd9-42c2-bc7d-887feb3b22b6.webp", "img1": "property/7cb67351-1f38-4b40-a072-9df209d4589b.webp", "img2": "property/3313e41d-10c0-41a0-b007-7a5edecd863f.webp", "img3": "property/cd08802b-a217-4de9-9e07-48707c2cd55f.webp", "img4": "property/f898b7ec-cd47-41f9-b7b1-cb0ed5121fa7.webp", "description": "Your family will be close to everything when you stay at this centrally located place. It is located 2 minutes from all major highways (including 401 and 427). The house is 6 minutes from Pearson airport, 20 minutes to downtown, 15 minutes to Mississauga, and a bus at the doorstep.", "amenities": "wifi,parking,kitchen"}}, {"model": "api.rentalproperty", "pk": 5, "fields": {"owner": 3, "name": "Private one bedroom apartment with kitchen", "address": "2371 Falcon Heights", "city": "Toronto", "country": "Canada", "price": 161.0, "max_guests": 4, "beds": 2, "baths": 1, "main_image": "property/3cf0e23d-3c03-43a8-a67b-c6d201ed3eae.webp", "img1": "property/857a67e9-149f-4e3d-afef-e84f9126191f.webp", "img2": "property/c31facea-bd62-4f07-bfb8-55722c7162cd.webp", "img3": "property/e23577c7-dac7-4bdb-8790-e668e1c8decf.webp", "img4": "property/e986860b-8893-49d4-9bd0-ad267a41c50b.webp", "description": "Small apartment, one bedroom, fully stocked kitchen, private bathroom and shower. King size bed, BBQ, Back patio garden.", "amenities": "balcony,kitchen"}}, {"model": "api.rentalproperty", "pk": 6, "fields": {"owner": 3, "name": "Spacious bedroom in Victorian home!", "address": "68 Sunset Terrace", "city": "Toronto", "country": "Canada", "price": 73.0, "max_guests": 2, "beds": 1, "baths": 1, "main_image": "property/a0056824-9978-424a-8a93-9be86790e222.webp", "img1": "property/3fb251eb-8b17-4824-bee9-3b1825107647.webp", "img2": "property/7ee6437f-5d4e-4399-b66e-6bbd33d4485c.webp", "img3": "property/f3a46e75-3986-42b9-b019-55f47ed76843.webp", "img4": "property/f56ecb64-1f92-4a6b-a17a-06b02b15576e.webp", "description": "A home away from home that you won't want to leave. Located in the trendy Queen/Dundas west neighbourhood, this fully renovated victorian home is the perfect place to stay when visiting on business or vacation.", "amenities": "wifi"}}, {"model": "api.rentalproperty", "pk": 7, "fields": {"owner": 3, "name": "Bright bsmt studio, workspace, & yard-longer term", "address": "1103 Elmwood Lane", "city": "Toronto", "country": "Canada", "price": 65.0, "max_guests": 3, "beds": 2, "baths": 1, "main_image": "property/95ae9692-673d-451f-802f-c74f0efe7c41.webp", "img1": "property/00d8233c-630b-43a1-952d-589adf4d8e21.webp", "img2": "property/8ee48dfc-18e4-46a7-8c57-6b9c4f35e228.webp", "img3": "property/b4741f71-a774-44fa-994a-2d9015af24c6.webp", "img4": "property/c7fcfcdf-0bb3-4223-81a2-da1c63184293.webp", "description": "Enjoy this quiet, clean apartment with a workspace that is within walking distance of a great variety of restaurants, boutique shops, LCBO, cafes, patios, groceries, parks, fitness, and more.", "amenities": "wifi,kitchen,tv"}}, {"model": "api.rentalproperty", "pk": 8, "fields": {"owner": 3, "name": "Stylish & Hip Studio in Parkdale", "address": "2885 Lakeshore Boulevard West", "city": "Toronto", "country": "Canada", "price": 65.0, "max_guests": 4, "beds": 2, "baths": 1, "main_image": "property/bedd0938-1204-482b-a8e7-4a173874fa25.webp", "img1": "property/5871997d-6473-4f48-a93b-1bca620c48aa.webp", "img2": "property/60e339ab-03ee-47cc-a87c-4dd8c0191ee5.webp", "img3": "property/5aae794e-2d56-4ed5-abee-461ccece498e.webp", "img4": "property/3f857a15-f6fa-41f6-a18f-fd1af86f6b04.webp", "description": "Very well situated just next to the stylish and hip Liberty Village. Lovely balcony. Quiet and cozy. This studio has everything you need to make your stay perfect.", "amenities": "wifi,kitchen,air_conditioning,tv,parking"}}, {"model": "api.rentalproperty", "pk": 9, "fields": {"owner": 4, "name": "Panoramic 3BR Entertainment Dis", "address": "1625 Birchwood Court", "city": "Toronto", "country": "Canada", "price": 261.0, "max_guests": 6, "beds": 3, "baths": 2, "main_image": "property/8cc31ca3-46da-483a-81f5-9c6f2626d1a9.webp", "img1": "property/87e4e4da-3d0d-4e01-bf47-b45ff238c1e5.webp", "img2": "property/732fabc8-9621-4dca-bc87-8875323424be.webp", "img3": "property/c981bae5-3469-4499-b9ad-b7d1786accb3.webp", "img4": "property/e3121720-183e-43c4-b054-b1371b8ed4a2.webp", "description": "Gaze out across the Downtown skyline as you tuck into breakfast at the kitchen table. This ultra-modern space combines neutral palettes and contrasting accents throughout to create a sense of space and serenity.", "amenities": "pool,balcony,gym,tv,kitchen"}}, {"model": "api.rentalproperty", "pk": 10, "fields": {"owner": 4, "name": "Chic Midtown Toronto condo II", "address": "755 Winterberry Place", "city": "Toronto", "country": "Canada", "price": 215.0, "max_guests": 6, "beds": 3, "baths": 2, "main_image": "property/dac4239d-b798-4ace-95aa-0ac270b07daa.webp", "img1": "property/aaea8fa9-3c88-4122-b145-1fa23a979293.webp", "img2": "property/a5c63c39-17ad-4b08-af24-0f3aee82babf.webp", "img3": "property/0ec2521c-350c-4d96-932e-25ce32049e3e.webp", "img4": "property/f5b22e3e-164a-4148-9c07-2390ade8ef9d.webp", "description": "Enjoy this modern one bedroom space with a beautiful view during your stay. An easy access to everything from this perfectly located home base in Toronto.", "amenities": "balcony,kitchen,tv,parking"}}, {"model": "api.rentalproperty", "pk": 11, "fields": {"owner": 4, "name": "Nice, quiet basement apartment", "address": "1042 Evergreen Circle", "city": "Toronto", "country": "Canada", "price": 215.0, "max_guests": 2, "beds": 1, "baths": 1, "main_image": "property/303b3a47-2784-468c-b36a-ec05944967a2.webp", "img1": "property/b73fc72c-1a49-446b-b319-14eac27c3957.webp", "img2": "property/d2ba5c79-8815-4503-bfa4-87f700fb05a9.webp", "img3": "property/de7e77b6-62f2-498f-b2cc-79bd1a54a1b7.webp", "img4": "property/e161aa99-4061-46d0-bae5-b7be333f2717.webp", "description": "Nice and quiet self contained private studio apartment, ideal for one or a couple. Private entrance full equipped kitchen", "amenities": "kitchen,tv,parking"}}, {"model": "api.rentalproperty", "pk": 12, "fields": {"owner": 4, "name": "Beautiful Studio In Manhattan", "address": "1245 Applewood Lane", "city": "New York City", "country": "United States", "price": 261.0, "max_guests": 3, "beds": 2, "baths": 1, "main_image": "property/94e212e7-32c2-4697-9f70-ecbeb2bcdd6e.webp", "img1": "property/158f526b-342a-4cb4-80f4-1d96be28b328.webp", "img2": "property/6c1bf381-81f4-435a-84b8-e99ba33c20f8.webp", "img3": "property/607a672f-484b-4dad-b4df-62e034c6b5b3.webp", "img4": "property/794a9b26-fd28-4dac-80b6-ce87d3d669d9.webp", "description": "Beautiful Studio Apartment Located In the heart of Manhattan.", "amenities": "kitchen,tv"}}, {"model": "api.rentalproperty", "pk": 13, "fields": {"owner": 4, "name": "Amazing &Artsy PRIME location!Entire unit.", "address": "3682 Elmview Terrace", "city": "New York City", "country": "United States", "price": 131.0, "max_guests": 3, "beds": 2, "baths": 1, "main_image": "property/c35b4f09-d6ff-4fc4-b13f-0ba3c54a5d59.webp", "img1": "property/08ef4287-55a4-429e-b8d9-45e45be0acc7.webp", "img2": "property/860d8716-6f91-4f45-ba6d-8257458e8b04.webp", "img3": "property/cb208189-5cf2-4916-8b02-6c7b657f5ffe.webp", "img4": "property/d7c6fe93-930d-4c92-81a4-eb5d2c177b02.webp", "description": "Located in a quite, discreet and secure building in The trendy, culturally rich and diverse,  Crown Heights Brooklyn.", "amenities": "kitchen,tv"}}, {"model": "api.rentalproperty", "pk": 14, "fields": {"owner": 4, "name": "Gorgeous Apartment", "address": "709 Whispering Pines Drive", "city": "New York City", "country": "United States", "price": 135.0, "max_guests": 6, "beds": 3, "baths": 2, "main_image": "property/0b5e99da-958e-4555-acaa-6a27406ee1e0.webp", "img1": "property/4c8888e0-5c40-4d53-88c2-03ce4e7ed20c.webp", "img2": "property/47d81d53-aa9d-47a7-94be-2e2190247745.webp", "img3": "property/a477a1fc-e4f4-4571-8216-6e1d9e45bf04.webp", "img4": "property/c5fc7334-3e14-4b11-845d-f870f3ee7e19.webp", "description": "Located in a quite, discreet and secure building in The trendy, culturally rich and diverse,  Crown Heights Brooklyn.", "amenities": "kitchen,tv,parking"}}, {"model": "api.rentalproperty", "pk": 15, "fields": {"owner": 4, "name": "Modern 1 bdrm/1 bath flat with romantic fireplace", "address": "2247 Riverside Plaza", "city": "New York City", "country": "United States", "price": 164.0, "max_guests": 2, "beds": 1, "baths": 1, "main_image": "property/Screenshot_2023-04-18_at_5.35.12_PM.png", "img1": "property/26b7041b-a05f-4f69-a2c5-6f2ba28d455c.webp", "img2": "property/862f66bf-9c12-4f55-9ba6-e1fb025ed46c.webp", "img3": "property/8194bc2f-70f2-4d1a-a9a2-c2a7790bb772.webp", "img4": "property/279218f8-f7de-49bc-800d-59510acb099b.webp", "description": "This apartment is the perfect home base for your NYC stay. We are situated on a cozy street close to all the attractions in Bensonhurst and Verrazano bridge.", "amenities": "kitchen,tv,parking"}}, {"model": "api.rentalproperty", "pk": 16, "fields": {"owner": 4, "name": "Skyline views in Lower Manhattan", "address": "892 Oakwood Court", "city": "New York City", "country": "United States", "price": 263.0, "max_guests": 2, "beds": 1, "baths": 1, "main_image": "property/0d909786-f531-48da-8008-b4ae698c5193.webp", "img1": "property/4d99541e-e285-4444-9bde-fae3d713e988.webp", "img2": "property/8f5d5e68-9ed8-4165-93dc-98b8c776545c.webp", "img3": "property/dcd05cd5-7087-4f44-91a9-852be02222ba.webp", "img4": "property/ef3c461f-6e9a-4eec-9d97-58b61867835c.webp", "description": "Experience the stunning architecture of The Oculus and explore the One World Observatory and 9/11 Memorial Museum.", "amenities": "pool,balcony,gym,tv"}}, {"model": "api.rentalproperty", "pk": 17, "fields": {"owner": 4, "name": "1BR in the heart of San Francisco", "address": "732 Redwood Terrace", "city": "San Francisco", "country": "United States", "price": 200.0, "max_guests": 2, "beds": 1, "baths": 1, "main_image": "property/5e2195b9-757c-49aa-943d-241e6353a78f.webp", "img1": "property/6b41c0ac-2f7e-4b13-9576-a867cabe09db.webp", "img2": "property/06e19e31-7c0e-4904-bdcb-8c55520820f2.webp", "img3": "property/23ad34aa-7cf8-47da-9b06-d72fdedc18b9.webp", "img4": "property/2357aa78-1827-4181-b134-0361111bc535.webp", "description": "This is a unique rear-facing, one-bedroom flat. It's both functional and beautiful, with a large living room with decorative moldings, a grand circular bedroom with a center-tilting bookcase, and an eat-in kitchen area.", "amenities": "pool,kitchen,tv"}}, {"model": "api.rentalproperty", "pk": 18, "fields": {"owner": 4, "name": "Cozy 2 BR Apt. In The Sunnyside", "address": "467 Pacific Heights Drive", "city": "San Francisco", "country": "United States", "price": 241.0, "max_guests": 4, "beds": 3, "baths": 2, "main_image": "property/bed8fa30_original.webp", "img1": "property/0e05978f_original.webp", "img2": "property/5ed57f2a-fb53-4b49-bdf6-ca63f141a8f9.webp", "img3": "property/254b6dfd-5b37-4507-8cac-1695951b9b19.webp", "img4": "property/d258435f-697c-4801-9de6-5a9dc5de55bb.webp", "description": "he guest apartment has its own entrance located on the ground level of our home. The private apartment is 720 sq ft and has 8 ft ceilings.", "amenities": "parking,pool,kitchen,tv"}}, {"model": "api.rentalproperty", "pk": 19, "fields": {"owner": 3, "name": "Charming two bedroom apartment in San Francisco", "address": "1859 Sunset Cliffs Boulevard", "city": "San Francisco", "country": "United States", "price": 165.0, "max_guests": 4, "beds": 2, "baths": 1, "main_image": "property/c2fec88e-cc83-4a18-bc81-d065e087c05e.webp", "img1": "property/c1a1fc39-8956-4ca6-b085-7a5d1647bf5b.webp", "img2": "property/89d3a221-90d9-4454-9d95-ba5c6822bcdb.webp", "img3": "property/68d75cdc-5f69-4876-8af1-39c582427ba3.webp", "img4": "property/0cede32f-ce1c-4b05-ae47-448b298d68e7.webp", "description": "Relax at this charming, recently renovated two bedroom/two bathroom apartment with everything you need for a comfortable visit. Excellent  location near the Chase Center and Oracle Park.", "amenities": "wifi,parking,kitchen,air_conditioning"}}, {"model": "api.rentalproperty", "pk": 20, "fields": {"owner": 3, "name": "Ocean Beach sky apartment", "address": "2910 Golden Gate View", "city": "San Francisco", "country": "United States", "price": 334.0, "max_guests": 4, "beds": 2, "baths": 2, "main_image": "property/e16f2d10-f90c-445e-a366-d7c0f3c69218.webp", "img1": "property/41e64c4e-e161-429a-87c2-47d26705bc24.webp", "img2": "property/486dcfe9-da45-4dc9-b69e-f4b2b9630d69.webp", "img3": "property/6225dfe0-11ae-4388-910b-b2be88e6c10c.webp", "img4": "property/c1c40e8f-933f-47ec-914e-0692d719d490.webp", "description": "Top floor 2 bedroom apartment with beautiful light and sunsets. Enjoy the view of the ocean, dunes and breaks from your living room, kitchen and bedroom.", "amenities": "balcony,parking,pool,air_conditioning,tv,kitchen,wifi"}}, {"model": "api.rentalproperty", "pk": 21, "fields": {"owner": 3, "name": "test", "address": "2910 Golden Gate View", "city": "San Francisco", "country": "United States", "price": 334.0, "max_guests": 4, "beds": 2, "baths": 2, "main_image": "property/default.jpg", "img1": "", "img2": "", "img3": "", "img4": "", "description": "Top floor 2 bedroom apartment with beautiful light and sunsets. Enjoy the view of the ocean, dunes and breaks from your living room, kitchen and bedroom.", "amenities": "balcony,parking,pool,air_conditioning,tv,kitchen,wifi"}}, {"model": "api.reservation", "pk": 6, "fields": {"user": 2, "property": 1, "start_date": "2023-08-04", "end_date": "2023-08-11", "created_at": "2023-04-18T22:07:46.829Z", "message": "Cant wait to stay here!", "guest": 2, "total_cost": 456.0, "status": "Cancelled"}}, {"model": "api.reservation", "pk": 7, "fields": {"user": 2, "property": 2, "start_date": "2023-09-04", "end_date": "2023-09-11", "created_at": "2023-04-18T22:08:03.009Z", "message": "Cant wait to stay here!", "guest": 2, "total_cost": 356.0, "status": "Completed"}}, {"model": "api.reservation", "pk": 8, "fields": {"user": 2, "property": 12, "start_date": "2023-05-04", "end_date": "2023-05-11", "created_at": "2023-04-18T22:08:15.203Z", "message": "Cant wait to stay here!", "guest": 2, "total_cost": 323.0, "status": "Terminated"}}, {"model": "api.reservation", "pk": 9, "fields": {"user": 2, "property": 18, "start_date": "2023-07-04", "end_date": "2023-07-11", "created_at": "2023-04-18T22:09:02.388Z", "message": "Cant wait to stay here!", "guest": 2, "total_cost": 123.0, "status": "Pending"}}, {"model": "api.reservation", "pk": 10, "fields": {"user": 1, "property": 1, "start_date": "2023-05-07", "end_date": "2023-05-08", "created_at": "2023-04-18T22:09:53.145Z", "message": "For family gathering", "guest": 2, "total_cost": 324.0, "status": "Cancelled"}}, {"model": "api.reservation", "pk": 11, "fields": {"user": 1, "property": 4, "start_date": "2023-06-07", "end_date": "2023-06-15", "created_at": "2023-04-18T22:10:12.763Z", "message": "For family gathering", "guest": 2, "total_cost": 579.0, "status": "Terminated"}}, {"model": "api.reservation", "pk": 12, "fields": {"user": 1, "property": 12, "start_date": "2023-05-12", "end_date": "2023-05-15", "created_at": "2023-04-18T22:11:15.246Z", "message": "For family gathering", "guest": 2, "total_cost": 342.0, "status": "Completed"}}, {"model": "api.reservation", "pk": 13, "fields": {"user": 1, "property": 13, "start_date": "2023-11-12", "end_date": "2023-11-15", "created_at": "2023-04-18T22:11:29.129Z", "message": "For family gathering", "guest": 2, "total_cost": 303.0, "status": "Pending"}}, {"model": "api.reservation", "pk": 14, "fields": {"user": 1, "property": 18, "start_date": "2023-04-24", "end_date": "2023-04-26", "created_at": "2023-04-23T20:33:30.430Z", "message": "For family gathering", "guest": 2, "total_cost": 482.0, "status": "Pending"}}, {"model": "api.reservation", "pk": 15, "fields": {"user": 1, "property": 20, "start_date": "2023-04-24", "end_date": "2023-04-27", "created_at": "2023-04-23T20:33:42.009Z", "message": null, "guest": 2, "total_cost": 1002.0, "status": "Pending"}}, {"model": "api.notification", "pk": 6, "fields": {"user": 3, "reservation": 6, "created_at": "2023-04-18T22:07:46.832Z", "is_read": false, "is_cleared": false, "message": "Gloria has requested a new reservation for Chic Toronto Loft 2bd 2ba - Free Parking+Fast Wifi"}}, {"model": "api.notification", "pk": 7, "fields": {"user": 3, "reservation": 7, "created_at": "2023-04-18T22:08:03.012Z", "is_read": false, "is_cleared": false, "message": "Gloria has requested a new reservation for Lovely 1 bedroom suite with rooftop pool"}}, {"model": "api.notification", "pk": 8, "fields": {"user": 4, "reservation": 8, "created_at": "2023-04-18T22:08:15.205Z", "is_read": false, "is_cleared": false, "message": "Gloria has requested a new reservation for Beautiful Studio In Manhattan"}}, {"model": "api.notification", "pk": 9, "fields": {"user": 4, "reservation": 9, "created_at": "2023-04-18T22:09:02.391Z", "is_read": false, "is_cleared": false, "message": "Gloria has requested a new reservation for Cozy 2 BR Apt. In The Sunnyside"}}, {"model": "api.notification", "pk": 10, "fields": {"user": 3, "reservation": 10, "created_at": "2023-04-18T22:09:53.147Z", "is_read": false, "is_cleared": false, "message": "Phill has requested a new reservation for Chic Toronto Loft 2bd 2ba - Free Parking+Fast Wifi"}}, {"model": "api.notification", "pk": 11, "fields": {"user": 3, "reservation": 11, "created_at": "2023-04-18T22:10:12.766Z", "is_read": false, "is_cleared": false, "message": "Phill has requested a new reservation for Bright & sunny walkout basement"}}, {"model": "api.notification", "pk": 12, "fields": {"user": 4, "reservation": 12, "created_at": "2023-04-18T22:11:15.248Z", "is_read": false, "is_cleared": false, "message": "Phill has requested a new reservation for Beautiful Studio In Manhattan"}}, {"model": "api.notification", "pk": 13, "fields": {"user": 4, "reservation": 13, "created_at": "2023-04-18T22:11:29.132Z", "is_read": false, "is_cleared": false, "message": "Phill has requested a new reservation for Amazing &Artsy PRIME location!Entire unit."}}, {"model": "api.notification", "pk": 14, "fields": {"user": 2, "reservation": 6, "created_at": "2023-04-18T22:23:04.530Z", "is_read": false, "is_cleared": false, "message": " You have Cancelled your reservation for Chic Toronto Loft 2bd 2ba - Free Parking+Fast Wifi"}}, {"model": "api.notification", "pk": 15, "fields": {"user": 2, "reservation": 7, "created_at": "2023-04-18T22:25:35.449Z", "is_read": false, "is_cleared": false, "message": "Cam has Approved your reservation for Lovely 1 bedroom suite with rooftop pool"}}, {"model": "api.notification", "pk": 16, "fields": {"user": 2, "reservation": 7, "created_at": "2023-04-18T22:25:43.871Z", "is_read": false, "is_cleared": false, "message": "Cam has Completed your reservation for Lovely 1 bedroom suite with rooftop pool"}}, {"model": "api.notification", "pk": 17, "fields": {"user": 2, "reservation": 8, "created_at": "2023-04-18T22:29:55.473Z", "is_read": false, "is_cleared": false, "message": "Mitchell has Approved your reservation for Beautiful Studio In Manhattan"}}, {"model": "api.notification", "pk": 18, "fields": {"user": 2, "reservation": 8, "created_at": "2023-04-18T22:30:01.739Z", "is_read": false, "is_cleared": false, "message": "Mitchell has Terminated your reservation for Beautiful Studio In Manhattan"}}, {"model": "api.notification", "pk": 19, "fields": {"user": 1, "reservation": 10, "created_at": "2023-04-18T22:31:58.323Z", "is_read": false, "is_cleared": false, "message": "You have Cancelled your reservation for Chic Toronto Loft 2bd 2ba - Free Parking+Fast Wifi"}}, {"model": "api.notification", "pk": 20, "fields": {"user": 1, "reservation": 11, "created_at": "2023-04-18T22:33:14.711Z", "is_read": false, "is_cleared": false, "message": "Cam has Approved your reservation for Bright & sunny walkout basement"}}, {"model": "api.notification", "pk": 21, "fields": {"user": 1, "reservation": 11, "created_at": "2023-04-18T22:34:06.428Z", "is_read": false, "is_cleared": false, "message": "Cam has Terminated your reservation for Bright & sunny walkout basement"}}, {"model": "api.notification", "pk": 22, "fields": {"user": 1, "reservation": 12, "created_at": "2023-04-18T22:34:55.275Z", "is_read": false, "is_cleared": false, "message": "Mitchell has Approved your reservation for Beautiful Studio In Manhattan"}}, {"model": "api.notification", "pk": 23, "fields": {"user": 1, "reservation": 12, "created_at": "2023-04-18T22:38:13.465Z", "is_read": false, "is_cleared": false, "message": "Mitchell has Completed your reservation for Beautiful Studio In Manhattan"}}, {"model": "api.notification", "pk": 24, "fields": {"user": 4, "reservation": 14, "created_at": "2023-04-23T20:33:30.434Z", "is_read": false, "is_cleared": false, "message": "Phill has requested a new reservation for Cozy 2 BR Apt. In The Sunnyside"}}, {"model": "api.notification", "pk": 25, "fields": {"user": 3, "reservation": 15, "created_at": "2023-04-23T20:33:42.013Z", "is_read": false, "is_cleared": false, "message": "Phill has requested a new reservation for Ocean Beach sky apartment"}}, {"model": "api.userrating", "pk": 1, "fields": {"user": 2, "host": 3, "rating": 5, "comment": "Gloria was such a good guest! She is very clean!", "created_at": "2023-04-18T23:00:49.980Z"}}, {"model": "api.userrating", "pk": 2, "fields": {"user": 1, "host": 3, "rating": 1, "comment": "Phill was very understanding on why I had to terminate his reservation due to my personal issues.", "created_at": "2023-04-18T23:01:48.380Z"}}, {"model": "api.userrating", "pk": 3, "fields": {"user": 1, "host": 4, "rating": 5, "comment": "Phill was a great guest!", "created_at": "2023-04-18T23:02:50.666Z"}}, {"model": "api.userrating", "pk": 4, "fields": {"user": 2, "host": 4, "rating": 5, "comment": "Gloria was very understanding on why I had to terminate her reservation", "created_at": "2023-04-18T23:07:14.496Z"}}, {"model": "api.commentchain", "pk": 1, "fields": {"user": 1, "host": 4, "reservation": 12, "created_at": "2023-04-18T22:42:02.466Z", "Rating": 5, "comment": "BEST PLACE ON EARTH!", "hostresponse": "Glad you liked my place!", "userresponse": "I will come back next year!"}}, {"model": "api.commentchain", "pk": 2, "fields": {"user": 2, "host": 4, "reservation": 8, "created_at": "2023-04-18T22:47:37.456Z", "Rating": 1, "comment": "My reservation was terminated after it was approved.... very disappointed ", "hostresponse": "Sorry for the inconvenience", "userresponse": null}}, {"model": "api.commentchain", "pk": 3, "fields": {"user": 2, "host": 3, "reservation": 7, "created_at": "2023-04-18T22:49:57.670Z", "Rating": 4, "comment": "It was not bad", "hostresponse": null, "userresponse": null}}, {"model": "api.commentchain", "pk": 4, "fields": {"user": 1, "host": 3, "reservation": 11, "created_at": "2023-04-18T22:50:59.505Z", "Rating": 1, "comment": "I wonder why the host cancelled my reservation", "hostresponse": "Please come back to stay again!", "userresponse": null}}]