[{"model": "auth.permission", "pk": 1, "fields": {"name": "Can add log entry", "content_type": 1, "codename": "add_logentry"}}, {"model": "auth.permission", "pk": 2, "fields": {"name": "Can change log entry", "content_type": 1, "codename": "change_logentry"}}, {"model": "auth.permission", "pk": 3, "fields": {"name": "Can delete log entry", "content_type": 1, "codename": "delete_logentry"}}, {"model": "auth.permission", "pk": 4, "fields": {"name": "Can view log entry", "content_type": 1, "codename": "view_logentry"}}, {"model": "auth.permission", "pk": 5, "fields": {"name": "Can add permission", "content_type": 2, "codename": "add_permission"}}, {"model": "auth.permission", "pk": 6, "fields": {"name": "Can change permission", "content_type": 2, "codename": "change_permission"}}, {"model": "auth.permission", "pk": 7, "fields": {"name": "Can delete permission", "content_type": 2, "codename": "delete_permission"}}, {"model": "auth.permission", "pk": 8, "fields": {"name": "Can view permission", "content_type": 2, "codename": "view_permission"}}, {"model": "auth.permission", "pk": 9, "fields": {"name": "Can add group", "content_type": 3, "codename": "add_group"}}, {"model": "auth.permission", "pk": 10, "fields": {"name": "Can change group", "content_type": 3, "codename": "change_group"}}, {"model": "auth.permission", "pk": 11, "fields": {"name": "Can delete group", "content_type": 3, "codename": "delete_group"}}, {"model": "auth.permission", "pk": 12, "fields": {"name": "Can view group", "content_type": 3, "codename": "view_group"}}, {"model": "auth.permission", "pk": 13, "fields": {"name": "Can add user", "content_type": 4, "codename": "add_user"}}, {"model": "auth.permission", "pk": 14, "fields": {"name": "Can change user", "content_type": 4, "codename": "change_user"}}, {"model": "auth.permission", "pk": 15, "fields": {"name": "Can delete user", "content_type": 4, "codename": "delete_user"}}, {"model": "auth.permission", "pk": 16, "fields": {"name": "Can view user", "content_type": 4, "codename": "view_user"}}, {"model": "auth.permission", "pk": 17, "fields": {"name": "Can add content type", "content_type": 5, "codename": "add_contenttype"}}, {"model": "auth.permission", "pk": 18, "fields": {"name": "Can change content type", "content_type": 5, "codename": "change_contenttype"}}, {"model": "auth.permission", "pk": 19, "fields": {"name": "Can delete content type", "content_type": 5, "codename": "delete_contenttype"}}, {"model": "auth.permission", "pk": 20, "fields": {"name": "Can view content type", "content_type": 5, "codename": "view_contenttype"}}, {"model": "auth.permission", "pk": 21, "fields": {"name": "Can add session", "content_type": 6, "codename": "add_session"}}, {"model": "auth.permission", "pk": 22, "fields": {"name": "Can change session", "content_type": 6, "codename": "change_session"}}, {"model": "auth.permission", "pk": 23, "fields": {"name": "Can delete session", "content_type": 6, "codename": "delete_session"}}, {"model": "auth.permission", "pk": 24, "fields": {"name": "Can view session", "content_type": 6, "codename": "view_session"}}, {"model": "auth.permission", "pk": 25, "fields": {"name": "Can add custom user", "content_type": 7, "codename": "add_customuser"}}, {"model": "auth.permission", "pk": 26, "fields": {"name": "Can change custom user", "content_type": 7, "codename": "change_customuser"}}, {"model": "auth.permission", "pk": 27, "fields": {"name": "Can delete custom user", "content_type": 7, "codename": "delete_customuser"}}, {"model": "auth.permission", "pk": 28, "fields": {"name": "Can view custom user", "content_type": 7, "codename": "view_customuser"}}, {"model": "auth.permission", "pk": 29, "fields": {"name": "Can add rental property", "content_type": 8, "codename": "add_rentalproperty"}}, {"model": "auth.permission", "pk": 30, "fields": {"name": "Can change rental property", "content_type": 8, "codename": "change_rentalproperty"}}, {"model": "auth.permission", "pk": 31, "fields": {"name": "Can delete rental property", "content_type": 8, "codename": "delete_rentalproperty"}}, {"model": "auth.permission", "pk": 32, "fields": {"name": "Can view rental property", "content_type": 8, "codename": "view_rentalproperty"}}, {"model": "auth.permission", "pk": 33, "fields": {"name": "Can add user rating", "content_type": 9, "codename": "add_userrating"}}, {"model": "auth.permission", "pk": 34, "fields": {"name": "Can change user rating", "content_type": 9, "codename": "change_userrating"}}, {"model": "auth.permission", "pk": 35, "fields": {"name": "Can delete user rating", "content_type": 9, "codename": "delete_userrating"}}, {"model": "auth.permission", "pk": 36, "fields": {"name": "Can view user rating", "content_type": 9, "codename": "view_userrating"}}, {"model": "auth.permission", "pk": 37, "fields": {"name": "Can add reservation", "content_type": 10, "codename": "add_reservation"}}, {"model": "auth.permission", "pk": 38, "fields": {"name": "Can change reservation", "content_type": 10, "codename": "change_reservation"}}, {"model": "auth.permission", "pk": 39, "fields": {"name": "Can delete reservation", "content_type": 10, "codename": "delete_reservation"}}, {"model": "auth.permission", "pk": 40, "fields": {"name": "Can view reservation", "content_type": 10, "codename": "view_reservation"}}, {"model": "auth.permission", "pk": 41, "fields": {"name": "Can add property image", "content_type": 11, "codename": "add_propertyimage"}}, {"model": "auth.permission", "pk": 42, "fields": {"name": "Can change property image", "content_type": 11, "codename": "change_propertyimage"}}, {"model": "auth.permission", "pk": 43, "fields": {"name": "Can delete property image", "content_type": 11, "codename": "delete_propertyimage"}}, {"model": "auth.permission", "pk": 44, "fields": {"name": "Can view property image", "content_type": 11, "codename": "view_propertyimage"}}, {"model": "auth.permission", "pk": 45, "fields": {"name": "Can add notification", "content_type": 12, "codename": "add_notification"}}, {"model": "auth.permission", "pk": 46, "fields": {"name": "Can change notification", "content_type": 12, "codename": "change_notification"}}, {"model": "auth.permission", "pk": 47, "fields": {"name": "Can delete notification", "content_type": 12, "codename": "delete_notification"}}, {"model": "auth.permission", "pk": 48, "fields": {"name": "Can view notification", "content_type": 12, "codename": "view_notification"}}, {"model": "auth.permission", "pk": 49, "fields": {"name": "Can add comment chain", "content_type": 13, "codename": "add_commentchain"}}, {"model": "auth.permission", "pk": 50, "fields": {"name": "Can change comment chain", "content_type": 13, "codename": "change_commentchain"}}, {"model": "auth.permission", "pk": 51, "fields": {"name": "Can delete comment chain", "content_type": 13, "codename": "delete_commentchain"}}, {"model": "auth.permission", "pk": 52, "fields": {"name": "Can view comment chain", "content_type": 13, "codename": "view_commentchain"}}, {"model": "auth.user", "pk": 1, "fields": {"password": "pbkdf2_sha256$390000$3fyQARK8dLpK37Nz4FqJhY$szOglPPTvLH3EEjWdJX9WjIfcUQNkCIbx7PUfBVKHn4=", "last_login": null, "is_superuser": false, "username": "Mark", "first_name": "Mark", "last_name": "Zucky", "email": "marky@gmail.com", "is_staff": false, "is_active": true, "date_joined": "2023-04-14T17:57:24.017Z", "groups": [], "user_permissions": []}}, {"model": "auth.user", "pk": 2, "fields": {"password": "pbkdf2_sha256$390000$rEyQSnFR9I1xdSFyGC2N6w$ev8sWGaKfxBcgXiXOJUAg50jAV3cgEk2Bv3dTVadPog=", "last_login": null, "is_superuser": false, "username": "Benny", "first_name": "Benjamin", "last_name": "Franklin", "email": "ben23@gmail.com", "is_staff": false, "is_active": true, "date_joined": "2023-04-14T17:58:22.123Z", "groups": [], "user_permissions": []}}, {"model": "auth.user", "pk": 3, "fields": {"password": "pbkdf2_sha256$390000$5uMkb4xEFXm1dK45DIPpVN$S0nRdzS8aoFijyoYsazygQvq3XMSksCFouKBVxHt2ks=", "last_login": null, "is_superuser": false, "username": "Alice23", "first_name": "Alice", "last_name": "James", "email": "ajames@google.com", "is_staff": false, "is_active": true, "date_joined": "2023-04-14T17:59:06.529Z", "groups": [], "user_permissions": []}}, {"model": "auth.user", "pk": 4, "fields": {"password": "pbkdf2_sha256$390000$vsQszH8Tvkf359Q5IE5S53$S+wl8cjQya2fN7WKb0Mm/vTwVY/jE61J6Rb2CFTRuGY=", "last_login": null, "is_superuser": false, "username": "lebron123", "first_name": "Lebron", "last_name": "James", "email": "123@gmail.com", "is_staff": false, "is_active": true, "date_joined": "2023-04-15T22:29:58.528Z", "groups": [], "user_permissions": []}}, {"model": "auth.user", "pk": 5, "fields": {"password": "pbkdf2_sha256$390000$RkkyXopxrB2VA73xH6mAgp$OfF3heYCbaP+b3TAKO5GreTMa0NV4RZpAdao25HdoJk=", "last_login": null, "is_superuser": false, "username": "urmom", "first_name": "Jacky", "last_name": "Franklin", "email": "123@gmail.com", "is_staff": false, "is_active": true, "date_joined": "2023-04-15T22:39:38.457Z", "groups": [], "user_permissions": []}}, {"model": "contenttypes.contenttype", "pk": 1, "fields": {"app_label": "admin", "model": "logentry"}}, {"model": "contenttypes.contenttype", "pk": 2, "fields": {"app_label": "auth", "model": "permission"}}, {"model": "contenttypes.contenttype", "pk": 3, "fields": {"app_label": "auth", "model": "group"}}, {"model": "contenttypes.contenttype", "pk": 4, "fields": {"app_label": "auth", "model": "user"}}, {"model": "contenttypes.contenttype", "pk": 5, "fields": {"app_label": "contenttypes", "model": "contenttype"}}, {"model": "contenttypes.contenttype", "pk": 6, "fields": {"app_label": "sessions", "model": "session"}}, {"model": "contenttypes.contenttype", "pk": 7, "fields": {"app_label": "api", "model": "customuser"}}, {"model": "contenttypes.contenttype", "pk": 8, "fields": {"app_label": "api", "model": "rentalproperty"}}, {"model": "contenttypes.contenttype", "pk": 9, "fields": {"app_label": "api", "model": "userrating"}}, {"model": "contenttypes.contenttype", "pk": 10, "fields": {"app_label": "api", "model": "reservation"}}, {"model": "contenttypes.contenttype", "pk": 11, "fields": {"app_label": "api", "model": "propertyimage"}}, {"model": "contenttypes.contenttype", "pk": 12, "fields": {"app_label": "api", "model": "notification"}}, {"model": "contenttypes.contenttype", "pk": 13, "fields": {"app_label": "api", "model": "commentchain"}}, {"model": "api.customuser", "pk": 1, "fields": {"user": 1, "phone_number": "", "avatar": "", "is_host": true}}, {"model": "api.customuser", "pk": 2, "fields": {"user": 2, "phone_number": "", "avatar": "", "is_host": true}}, {"model": "api.customuser", "pk": 3, "fields": {"user": 3, "phone_number": "", "avatar": "", "is_host": false}}, {"model": "api.customuser", "pk": 4, "fields": {"user": 4, "phone_number": "", "avatar": "", "is_host": false}}, {"model": "api.customuser", "pk": 5, "fields": {"user": 5, "phone_number": "", "avatar": "", "is_host": false}}, {"model": "api.rentalproperty", "pk": 1, "fields": {"owner": 1, "name": "Luxury Suite W/ Amazing City View + Free Parking!", "address": "123 St.George Street", "city": "Toronto", "country": "Canada", "price": 148.0, "max_guests": 2, "beds": 1, "baths": 1, "main_image": "property/2bfb32d3-20f8-4fd6-ba08-4b719ba15d93.jpeg.webp", "description": "This Sleek, Modern & Stylish Corner Unit Features Bright Floor-To-Ceiling Windows And Stunning Views of The City and the CN Tower. It Features An Incredible Convenient Location In The Heart Of Toronto & Walking Distance To The Entertainment district, The Rogers Centre, The aquarium & The Scotiabank Arena!", "amenities": "parking,wifi,tv"}}, {"model": "api.rentalproperty", "pk": 2, "fields": {"owner": 2, "name": "Toronto’s Hottest Loft 2bd 2ba (Free Parking+Wifi)", "address": "23 Queens Street", "city": "Toronto", "country": "Canada", "price": 208.0, "max_guests": 4, "beds": 2, "baths": 2, "main_image": "property/b62487d2-4a3b-48d0-a89e-c90c030c1f57.jpg.webp", "description": "The wow factor: As if the dramatic, 18-ft. ceilings weren’t impressive enough, these suites are also 26 feet wide – a rare find in today’s condo market. Add to that the open-concept staircases and private rooftop terraces and it all adds up to that wow factor.\n\nConvenient lifestyle: Located in the heart of one of Toronto’s most desirable neighborhoods, The Radius is just steps from an enviable array of posh restaurants, funky cafes, high-end shops and nightclubs.\n\nAmenities: If you're looking for a Toronto condo with an impressive array of amenities, The Radius boasts a striking garden, a huge centre courtyard and a patio and sundeck for those unbeatable summer parties", "amenities": "parking,wifi,kitchen"}}, {"model": "api.rentalproperty", "pk": 3, "fields": {"owner": 2, "name": "Beautiful home in Corso Italia", "address": "65 St.Mary", "city": "Toronto", "country": "Canada", "price": 143.0, "max_guests": 5, "beds": 3, "baths": 2, "main_image": "property/0fb1d359-1d94-47e5-bb0d-d1c2533cdfa9.jpeg.webp", "description": "Relax with the whole family at this peaceful place to stay in the heart of Corso Italia. Our quiet and charming home is few steps away from fantastic restaurants, cafés, grocery stores and all kinds of interesting shops. Our quiet, one-way-street will give you the calm you need during your days and nights, while remaining close to a wonderful, accessible and lively neighbourhood. Lots of public transit in the area and absolutely wonderful to bike around and visit the city!", "amenities": "air_conditioning,parking,wifi,kitchen"}}, {"model": "api.rentalproperty", "pk": 4, "fields": {"owner": 2, "name": "Skyview Tent Forest Glamping(Summer)", "address": "25 King Street", "city": "Toronto", "country": "Canada", "price": 111.0, "max_guests": 4, "beds": 2, "baths": 1, "main_image": "property/5b4d74ad-2b7e-4154-9042-407686a61f0b.jpg.webp", "description": "Unique tent 400sq ft located in 15 acres forest,surrounding by pond and over thousands of maple trees where is settled in nature and wild animals.\n\nWhen the morning comes, you can heard the birds, during the night U can watch the starts on the bed.", "amenities": "parking,air_conditioning,kitchen"}}, {"model": "api.rentalproperty", "pk": 5, "fields": {"owner": 1, "name": "Cozy European Condo", "address": "456 West 47th Street", "city": "New York City", "country": "United States", "price": 157.0, "max_guests": 2, "beds": 1, "baths": 1, "main_image": "property/61cad8b3-6c92-430e-8a4f-485aecb8ad0d.jpeg.webp", "description": "You will feel comfortable from the moment you walk in. My apartment is clean and clutter free.", "amenities": "wifi,air_conditioning,kitchen"}}, {"model": "api.rentalproperty", "pk": 6, "fields": {"owner": 1, "name": "Luxury water front home", "address": "124 East 13th Street", "city": "New York City", "country": "United States", "price": 193.0, "max_guests": 4, "beds": 3, "baths": 2, "main_image": "property/83adbce4-51a2-4739-ab9d-be272e5fb696.jpeg.webp", "description": "Take it easy at this unique and tranquil getaway. Reconnect with loved ones in this family-friendly place.  Enjoy strolls on the beach located just out the back door or a sunset meal on the back porch.  This wonderful apartment offers everything you will need while on vacation.  Including, comfortable beds, private garden next to ocean, beach strolls  and a bright upgraded kitchen with all the amenities you will need.", "amenities": "wifi,air_conditioning,parking,kitchen"}}, {"model": "api.rentalproperty", "pk": 7, "fields": {"owner": 1, "name": "Cozy Nolita 2 Bedroom apartment", "address": "888 Broadway", "city": "New York City", "country": "United States", "price": 230.0, "max_guests": 4, "beds": 3, "baths": 2, "main_image": "property/5d02c5ba-bfbd-4fbe-94f2-479d3771e8de.jpeg.webp", "description": "Stay at the center of the action! This spacious, winged 2-bedroom apartment is in the heart of Nolita. Ideal for 2 couples or guests who want privacy, each bedroom has a comfy queen bed, HD Smart TV, a a dedicated workspace for remote work AC, and heat. Plus, one bedroom has a futon sofa for an extra bed. You'll have everything you need, including a fully equipped kitchen, in a quiet and comfortable space. And with restaurants galore just outside your door, this is a foodie's dream location!", "amenities": "wifi,air_conditioning,balcony,kitchen"}}, {"model": "api.rentalproperty", "pk": 8, "fields": {"owner": 1, "name": "CHARMING APT. IN MANHATTAN! 7 BEDS & 2 FULL BATHS", "address": "315 West 36th Street", "city": "New York City", "country": "United States", "price": 215.0, "max_guests": 7, "beds": 7, "baths": 3, "main_image": "property/2bea2873-1823-4d6a-ab58-e8c310a45353.jpeg.webp", "description": "Charming apartment in Washington Heights, Upper Manhattan. The apartment comes with 7 Beds and 2 Full Bathrooms.  A, C and 1 lines are at West 168th Street Station. 20 minutes subway ride to Times Square. Elevator building.", "amenities": "wifi,air_conditioning,parking,kitchen"}}, {"model": "api.rentalproperty", "pk": 9, "fields": {"owner": 1, "name": "Mirror House Sud", "address": "Via Bottai 32", "city": "Bolzano", "country": "Italy", "price": 353.0, "max_guests": 4, "beds": 2, "baths": 1, "main_image": "property/46d207f2_original.jpg.webp", "description": "Mirror Houses are two small houses immersed in a beautiful scenery of apple orchards just outside, in the wonderful surroundings of the South Tyrolean Dolomites.\nThe Mirror Houses offer a unique opportunity to spend a wonderful holiday surrounded by contemporary architecture of the highest standards in close contact with one of the most evocative landscapes that nature can offer.", "amenities": "pool,balcony,kitchen,air_conditioning,wifi,parking"}}, {"model": "api.rentalproperty", "pk": 10, "fields": {"owner": 1, "name": "Montegufoni - Montegufoni 14", "address": "Via Gilm 2", "city": "Bolzano", "country": "Italy", "price": 226.0, "max_guests": 6, "beds": 3, "baths": 3, "main_image": "property/00b1e28c-3bbc-48db-a701-7222897137fe.jpeg.webp", "description": "Castello di Montegufoni is an exclusive location to spend wonderful holidays in the heart of Chianti Region. \nDating back to the 12th century and restored in the 17th century by the noble family of Acciaioli, the Castle has a magnificent tower built on the model of the one of Palazzo Vecchio in Florence. \nMontegufoni Castle is part of a large estate comprising vineyards and olive trees and is surrounded by the beautiful Chianti landscape. In the castle there are 39 apartments and a large garden with a nice swimming pool: the perfect spot to relax and have fun with your family and friends.", "amenities": "pool,balcony,kitchen,air_conditioning,wifi,parking"}}, {"model": "api.rentalproperty", "pk": 11, "fields": {"owner": 1, "name": "Exclusive Seafront Premium Lodge", "address": "Via Talvera 53", "city": "Bolzano", "country": "Italy", "price": 142.0, "max_guests": 4, "beds": 2, "baths": 1, "main_image": "property/297fff6d-f583-4b8b-9436-86c35216fa3e.jpeg.webp", "description": "The lodge furnished with taste and design has a bedroom with a French bed, a sofa bed for childrens (or a single adult) and many services that make your holiday complete and comfortable. It should be noted that the Lodges do not have a kitchen, but only a kettle, a small sink and a coffee maker for breakfast", "amenities": "pool,balcony,air_conditioning,parking"}}, {"model": "api.rentalproperty", "pk": 12, "fields": {"owner": 1, "name": "Trullo della Luce. Luxurious Trullo retreat", "address": "Via Claudia de' Medici 12", "city": "Bolzano", "country": "Italy", "price": 414.0, "max_guests": 10, "beds": 5, "baths": 2, "main_image": "property/970f8241-edf8-44c7-a66e-06b3c06e08e5.jpeg.webp", "description": "Private outdoor pool – available all year, open 24 hours, heated, rooftop.", "amenities": "pool,balcony,air_conditioning,kitchen"}}, {"model": "api.rentalproperty", "pk": 13, "fields": {"owner": 1, "name": "Stunning Retro Rooftop Apartment in Leslieville", "address": "371 Bloor St W", "city": "Toronto", "country": "Canada", "price": 188.0, "max_guests": 2, "beds": 2, "baths": 1, "main_image": "property/68eb9700-7a18-43cc-9e7e-32833ee1d80f.png.webp", "description": "Welcome to our gorgeous retro-inspired rooftop apartment located in the heart of beautiful Leslieville.  This two-story flat has the perfect balance between fast-paced city life and private relaxation, situated just a 5 minute walk from incredible dining options, shops and parks on both Gerrard and Queen Street E.", "amenities": "wifi,air_conditioning,kitchen"}}, {"model": "api.rentalproperty", "pk": 14, "fields": {"owner": 1, "name": "Modern Downtown Condo Free Parking/ Walk to Lake", "address": "55 Bremner Blvd", "city": "Toronto", "country": "Canada", "price": 252.0, "max_guests": 4, "beds": 2, "baths": 1, "main_image": "property/9aa2b6f6-06c8-42ab-b555-31171e9440a6.jpg.webp", "description": "A luxury condo overlooking the stunning city skyline. Bright open concept living space with a modern flare. Renovated with the latest appliances. Beauty-Rest Hotel Series Queen mattress and lots of closet space. Free Parking. Steps to the trendiest restaurants, bars, and clubs downtown as well as the CN Tower, Rogers Center, Exhibition Place, Beautiful Waterfront trails/bike paths, and more.", "amenities": "wifi,air_conditioning,balcony,kitchen"}}, {"model": "api.rentalproperty", "pk": 15, "fields": {"owner": 1, "name": "Modern Luxury High-rise Condo with CN Tower View", "address": "123 Queen St W", "city": "Toronto", "country": "Canada", "price": 241.0, "max_guests": 4, "beds": 2, "baths": 2, "main_image": "property/8e5b48b7-1511-4f09-a68b-227cb2d088a5.jpeg.webp", "description": "Centrally located modern condo in the heart of entertainment district in down town Toronto! Breath-taking view of the surrounding high-rises, CN tower, and the Lake Ontario and the sunset. Just steps away from CN tower, Ripley's Aquarium, Rogers centre, Metro Toronto Convention centre, Scotia Bank Arena and the Harbour front centre.", "amenities": "balcony,kitchen,air_conditioning,wifi,parking"}}, {"model": "api.rentalproperty", "pk": 16, "fields": {"owner": 1, "name": "The Inner Beach House", "address": "1455 Lawrence Ave W", "city": "Toronto", "country": "Canada", "price": 486.0, "max_guests": 2, "beds": 1, "baths": 2, "main_image": "property/04ef3ca9-730c-4933-8188-8efaa320781a.jpeg.webp", "description": "Modern and Bright Waterfront Home, minutes from downtown Toronto. This stunning, semi-detached home offers the most beautiful views of Lake Ontario and private water access. Newly renovated and furnished, private parking.", "amenities": "pool,balcony,kitchen,air_conditioning,wifi,parking"}}, {"model": "api.rentalproperty", "pk": 17, "fields": {"owner": 1, "name": "Tranquility by the Marina | 3 Bedroom Open Concept", "address": "40 St Clair Ave E", "city": "Toronto", "country": "Canada", "price": 61.0, "max_guests": 6, "beds": 4, "baths": 1, "main_image": "property/6e2e53db-2093-4a28-8def-513ff0ad5b75.jpg.webp", "description": "Relax with the whole family in the upstairs unit of this legal duplex. Equipped with a private entrance, your unit will have no shared spaces. \n\nYour stay is walking distance to the Marina, Pickering GO station and several restaurants. This 3 Bedroom residence is located within minutes to the 401 and exactly 10 minutes to the newly opened Pickering Casino.", "amenities": "wifi,parking,kitchen"}}, {"model": "api.rentalproperty", "pk": 18, "fields": {"owner": 1, "name": "The Jack Daniels Suite.", "address": "135 Liberty St", "city": "Toronto", "country": "Canada", "price": 61.0, "max_guests": 2, "beds": 1, "baths": 1, "main_image": "property/3cf2b3be-6310-4fca-9045-098393bc28ba.jpeg.webp", "description": "The Jack Daniels Suit is western themed unit, with the top quality accommodations.\n\nThis warm cosy second floor (NOT basement) bachelor suit it is equipped with everything necessary.  Based on a western theam this will take you back to the wild Wild West.", "amenities": "air_conditioning"}}, {"model": "api.rentalproperty", "pk": 19, "fields": {"owner": 1, "name": "Modern Private 1 bedroom (entire suite)", "address": "1235 Bay St", "city": "Toronto", "country": "Canada", "price": 76.0, "max_guests": 2, "beds": 1, "baths": 1, "main_image": "property/4ec6b88d-7fbd-4561-9419-54078013e78b.jpg.webp", "description": "I have a modern open concept, private 1 bedroom basement apt north of the Stockyard District with its own separate entrance.  It's perfect for short business trips or for a couple visiting Toronto. Parking is included for regular size cars and small SUVS only (no trucks or large SUVs).", "amenities": "tv,wifi,air_conditioning,kitchen"}}, {"model": "api.rentalproperty", "pk": 20, "fields": {"owner": 1, "name": "Amanda’s Cozy 2-Bedroom Suite", "address": "77 Mowat Ave", "city": "Toronto", "country": "Canada", "price": 55.0, "max_guests": 6, "beds": 3, "baths": 1, "main_image": "property/5dfbc368-53e7-4b67-b83e-4f876cb3b7b4.jpg.webp", "description": "Spacious lower level 2-bd suite in a luxury dwelling; A open concept kitchen with quartz topped center-island; Comfortable living room with four sofas; Clean washroom with new facilities; Two wooden furnished bedrooms; Located at a beautiful and quiet community close to downtown Richmond Hill & Markham.", "amenities": "tv,wifi,air_conditioning,kitchen"}}, {"model": "api.propertyimage", "pk": 21, "fields": {"property": 2, "image": "property/b62487d2-4a3b-48d0-a89e-c90c030c1f57.jpg.webp"}}, {"model": "api.propertyimage", "pk": 22, "fields": {"property": 2, "image": "property/cf0ae524-439e-45d8-a5f1-f2394c4a8538.jpg.webp"}}, {"model": "api.propertyimage", "pk": 23, "fields": {"property": 2, "image": "property/d3663949-2fc3-47bb-b8e7-5c7ff3b2d0bb.jpg.webp"}}, {"model": "api.propertyimage", "pk": 24, "fields": {"property": 2, "image": "property/da9c3a17-3b73-4bdc-929e-e5631a954041.jpg.webp"}}, {"model": "api.propertyimage", "pk": 25, "fields": {"property": 2, "image": "property/f905d261-5435-41e2-b274-5f4ad7966d69.jpg.webp"}}, {"model": "api.propertyimage", "pk": 26, "fields": {"property": 1, "image": "property/2bfb32d3-20f8-4fd6-ba08-4b719ba15d93.jpeg.webp"}}, {"model": "api.propertyimage", "pk": 27, "fields": {"property": 1, "image": "property/9bbc8139-b3c9-455a-8385-f32fd15bb181.jpeg.webp"}}, {"model": "api.propertyimage", "pk": 28, "fields": {"property": 1, "image": "property/b6e2f1dc-c035-479d-8212-f9e4aad38d36.jpeg.webp"}}, {"model": "api.propertyimage", "pk": 29, "fields": {"property": 1, "image": "property/b2786d1d-caec-482b-9a52-1a55931a3741.jpeg.webp"}}, {"model": "api.propertyimage", "pk": 30, "fields": {"property": 1, "image": "property/ee43b9f4-a162-4a8f-ad72-31a46d3cb403.jpeg.webp"}}, {"model": "api.propertyimage", "pk": 31, "fields": {"property": 4, "image": "property/5b4d74ad-2b7e-4154-9042-407686a61f0b.jpg.webp"}}, {"model": "api.propertyimage", "pk": 32, "fields": {"property": 4, "image": "property/5b73ccb9-7e1b-4970-8199-96cca65394a2.jpg.webp"}}, {"model": "api.propertyimage", "pk": 33, "fields": {"property": 4, "image": "property/8c9c4702-0053-4205-9528-3f364ed6c162.jpg.webp"}}, {"model": "api.propertyimage", "pk": 34, "fields": {"property": 4, "image": "property/0618cb8e-5b92-404f-a8e6-cda0766742fe.jpg.webp"}}, {"model": "api.propertyimage", "pk": 35, "fields": {"property": 4, "image": "property/828f0e61-da44-48f2-a565-c67988dc8ba1.jpg.webp"}}, {"model": "api.propertyimage", "pk": 36, "fields": {"property": 3, "image": "property/0fb1d359-1d94-47e5-bb0d-d1c2533cdfa9.jpeg.webp"}}, {"model": "api.propertyimage", "pk": 37, "fields": {"property": 3, "image": "property/8fc04529-0a02-4a94-9634-10f87905b597.jpg.webp"}}, {"model": "api.propertyimage", "pk": 38, "fields": {"property": 3, "image": "property/1004b741-4874-4090-8bcd-46fd82f25f45.jpg.webp"}}, {"model": "api.propertyimage", "pk": 39, "fields": {"property": 3, "image": "property/b96ed051-b37f-4aa8-af15-405621023169.jpeg.webp"}}, {"model": "api.propertyimage", "pk": 40, "fields": {"property": 3, "image": "property/dd4a42a0-7bdf-4338-92ab-af9f35fd75cb.jpeg.webp"}}, {"model": "api.propertyimage", "pk": 41, "fields": {"property": 5, "image": "property/61cad8b3-6c92-430e-8a4f-485aecb8ad0d.jpeg.webp"}}, {"model": "api.propertyimage", "pk": 42, "fields": {"property": 5, "image": "property/c47e1d45-b4b4-433f-8d06-33a0b2c15970.jpeg.webp"}}, {"model": "api.propertyimage", "pk": 43, "fields": {"property": 5, "image": "property/e8b245bd-c8a8-4ef2-a368-96c9cb4511fc.jpeg.webp"}}, {"model": "api.propertyimage", "pk": 44, "fields": {"property": 5, "image": "property/eb30c2cc-b167-4a74-904f-40e0d16a54ec.jpeg.webp"}}, {"model": "api.propertyimage", "pk": 45, "fields": {"property": 5, "image": "property/f30ee516-5fc1-4fbd-bdac-410c77a03e8f.jpeg.webp"}}, {"model": "api.propertyimage", "pk": 46, "fields": {"property": 6, "image": "property/83adbce4-51a2-4739-ab9d-be272e5fb696.jpeg.webp"}}, {"model": "api.propertyimage", "pk": 47, "fields": {"property": 6, "image": "property/b4422cba-b67c-49ab-a5d6-cd0b7eaa1cbd.jpeg.webp"}}, {"model": "api.propertyimage", "pk": 48, "fields": {"property": 6, "image": "property/c52707fe-eac1-4232-b7e8-3961849ad84f.jpeg.webp"}}, {"model": "api.propertyimage", "pk": 49, "fields": {"property": 6, "image": "property/cb5ad0d9-1e8d-4114-9861-4027e115433d.jpeg.webp"}}, {"model": "api.propertyimage", "pk": 50, "fields": {"property": 6, "image": "property/f0b06cdb-fc06-4708-af5d-9f7cad72e116.jpeg.webp"}}, {"model": "api.propertyimage", "pk": 51, "fields": {"property": 7, "image": "property/5d02c5ba-bfbd-4fbe-94f2-479d3771e8de.jpeg.webp"}}, {"model": "api.propertyimage", "pk": 52, "fields": {"property": 7, "image": "property/8aee5aa4-516a-4b41-9f08-86509a78c6b8.jpeg.webp"}}, {"model": "api.propertyimage", "pk": 53, "fields": {"property": 7, "image": "property/67609bab-9bb5-42cd-a604-5b345b485f79.jpeg.webp"}}, {"model": "api.propertyimage", "pk": 54, "fields": {"property": 7, "image": "property/a6593f5a-dd30-4e99-a8e5-717c527ff632.jpeg.webp"}}, {"model": "api.propertyimage", "pk": 55, "fields": {"property": 7, "image": "property/b12ad3be-c161-4028-8db1-541405bfbccf.jpeg.webp"}}, {"model": "api.propertyimage", "pk": 56, "fields": {"property": 8, "image": "property/2bea2873-1823-4d6a-ab58-e8c310a45353.jpeg.webp"}}, {"model": "api.propertyimage", "pk": 57, "fields": {"property": 8, "image": "property/6f451868-d53c-4099-b92d-3f7da223d549.jpeg.webp"}}, {"model": "api.propertyimage", "pk": 58, "fields": {"property": 8, "image": "property/30a23bd3-f16d-4abc-9517-f4409af897d5.jpeg.webp"}}, {"model": "api.propertyimage", "pk": 59, "fields": {"property": 8, "image": "property/af936dcf-852b-407f-a9b7-c449442d9bed.jpeg.webp"}}, {"model": "api.propertyimage", "pk": 60, "fields": {"property": 8, "image": "property/e8fb5ca7-8c1a-4b87-912c-968d03bb85a0.jpeg.webp"}}, {"model": "api.propertyimage", "pk": 61, "fields": {"property": 9, "image": "property/46d207f2_original.jpg.webp"}}, {"model": "api.propertyimage", "pk": 62, "fields": {"property": 9, "image": "property/309bee53-311d-4f07-a2e7-14daadbbfb77.jpg.webp"}}, {"model": "api.propertyimage", "pk": 63, "fields": {"property": 9, "image": "property/7186bb11_original.jpg.webp"}}, {"model": "api.propertyimage", "pk": 64, "fields": {"property": 9, "image": "property/9815f41f_original.jpg.webp"}}, {"model": "api.propertyimage", "pk": 65, "fields": {"property": 9, "image": "property/e0b2123a_original.jpg.webp"}}, {"model": "api.propertyimage", "pk": 66, "fields": {"property": 10, "image": "property/00b1e28c-3bbc-48db-a701-7222897137fe.jpeg.webp"}}, {"model": "api.propertyimage", "pk": 67, "fields": {"property": 10, "image": "property/6fb18f73-a61d-40cb-ba01-fbfc5eb91e57.jpeg.webp"}}, {"model": "api.propertyimage", "pk": 68, "fields": {"property": 10, "image": "property/030bc7bb-6f01-4669-9c78-1eb1b494b9db.jpeg.webp"}}, {"model": "api.propertyimage", "pk": 69, "fields": {"property": 10, "image": "property/66fbced1-85dc-4dda-8d4e-7120f113b75c.jpeg.webp"}}, {"model": "api.propertyimage", "pk": 70, "fields": {"property": 10, "image": "property/6158be23-2336-4a26-9c72-ac6a2fc0b412.jpeg.webp"}}, {"model": "api.propertyimage", "pk": 71, "fields": {"property": 11, "image": "property/297fff6d-f583-4b8b-9436-86c35216fa3e.jpeg.webp"}}, {"model": "api.propertyimage", "pk": 72, "fields": {"property": 11, "image": "property/629cf4f0-77eb-4aa7-b75d-1a1db0931fb6.jpeg.webp"}}, {"model": "api.propertyimage", "pk": 73, "fields": {"property": 11, "image": "property/15609914-0a0d-49c6-aef5-424787467f03.jpeg.webp"}}, {"model": "api.propertyimage", "pk": 74, "fields": {"property": 11, "image": "property/b79796a7-18c3-4a2c-a745-908ec35ca26d.jpeg.webp"}}, {"model": "api.propertyimage", "pk": 75, "fields": {"property": 11, "image": "property/f58d73a1-bfbe-48bc-9a3c-af781f1c8941.jpeg.webp"}}, {"model": "api.propertyimage", "pk": 76, "fields": {"property": 12, "image": "property/970f8241-edf8-44c7-a66e-06b3c06e08e5.jpeg.webp"}}, {"model": "api.propertyimage", "pk": 77, "fields": {"property": 12, "image": "property/2480a8f8-ea81-4b42-aea4-5eab388fdc01.jpeg.webp"}}, {"model": "api.propertyimage", "pk": 78, "fields": {"property": 12, "image": "property/d9c9ebce-525a-4de6-8974-60752eef8764.jpeg.webp"}}, {"model": "api.propertyimage", "pk": 79, "fields": {"property": 12, "image": "property/e2a73cf6-3ed3-45ad-919c-31f1010635dd.jpeg.webp"}}, {"model": "api.propertyimage", "pk": 80, "fields": {"property": 12, "image": "property/fea6ba15-c604-419a-8dd8-38a309627968.jpeg.webp"}}, {"model": "api.propertyimage", "pk": 81, "fields": {"property": 13, "image": "property/68eb9700-7a18-43cc-9e7e-32833ee1d80f.png.webp"}}, {"model": "api.propertyimage", "pk": 82, "fields": {"property": 13, "image": "property/76e86206-8ab6-45eb-b238-8942a84bcbdb.png.webp"}}, {"model": "api.propertyimage", "pk": 83, "fields": {"property": 13, "image": "property/95bbf413-b297-44d9-b860-d21e7d4f03bc.png.webp"}}, {"model": "api.propertyimage", "pk": 84, "fields": {"property": 13, "image": "property/395d5445-308d-40eb-810c-7d84e9142fdc.png.webp"}}, {"model": "api.propertyimage", "pk": 85, "fields": {"property": 13, "image": "property/7885d9a5-5940-45d9-b4b2-64f495c1fa0c.png.webp"}}, {"model": "api.propertyimage", "pk": 86, "fields": {"property": 14, "image": "property/9aa2b6f6-06c8-42ab-b555-31171e9440a6.jpg.webp"}}, {"model": "api.propertyimage", "pk": 87, "fields": {"property": 14, "image": "property/71c13ae6-81fe-46b6-beac-187617c2f1c0.jpg.webp"}}, {"model": "api.propertyimage", "pk": 88, "fields": {"property": 14, "image": "property/141186ef-3a8d-4087-86ac-4f7410a3c05b.jpg.webp"}}, {"model": "api.propertyimage", "pk": 89, "fields": {"property": 14, "image": "property/ae963e2b-5f05-4794-8a22-54b308383b99.jpg.webp"}}, {"model": "api.propertyimage", "pk": 90, "fields": {"property": 14, "image": "property/e7eaf95f-6e55-46c8-91f5-188b773209be.jpg.webp"}}, {"model": "api.propertyimage", "pk": 91, "fields": {"property": 15, "image": "property/8e5b48b7-1511-4f09-a68b-227cb2d088a5.jpeg.webp"}}, {"model": "api.propertyimage", "pk": 92, "fields": {"property": 15, "image": "property/61b62053-3bd4-417c-8f31-723f52c97091.jpeg.webp"}}, {"model": "api.propertyimage", "pk": 93, "fields": {"property": 15, "image": "property/65a82f27-7129-488f-8432-620dcf003a15.jpeg.webp"}}, {"model": "api.propertyimage", "pk": 94, "fields": {"property": 15, "image": "property/345ac9b2-57d8-41b3-be1c-bef36a9f6bdd.jpeg.webp"}}, {"model": "api.propertyimage", "pk": 95, "fields": {"property": 15, "image": "property/53722dd6-c18a-4dc4-8f71-47b40ce3c853.jpeg.webp"}}, {"model": "api.propertyimage", "pk": 96, "fields": {"property": 16, "image": "property/04ef3ca9-730c-4933-8188-8efaa320781a.jpeg.webp"}}, {"model": "api.propertyimage", "pk": 97, "fields": {"property": 16, "image": "property/064a5f2b-b2c5-4205-8bef-46d124d741dc.jpeg.webp"}}, {"model": "api.propertyimage", "pk": 98, "fields": {"property": 16, "image": "property/0326f8d9-17c1-4975-a18b-5a93387467df.jpeg.webp"}}, {"model": "api.propertyimage", "pk": 99, "fields": {"property": 16, "image": "property/a940405d-b915-4753-af00-4497cb2d5759.jpeg.webp"}}, {"model": "api.propertyimage", "pk": 100, "fields": {"property": 16, "image": "property/c9a60fa5-cc07-441d-99b6-77385b43765a.jpeg.webp"}}, {"model": "api.propertyimage", "pk": 101, "fields": {"property": 17, "image": "property/6e2e53db-2093-4a28-8def-513ff0ad5b75.jpg.webp"}}, {"model": "api.propertyimage", "pk": 102, "fields": {"property": 17, "image": "property/b7ea7b50-39ca-4fcf-acf9-d39282d8a500.jpg.webp"}}, {"model": "api.propertyimage", "pk": 103, "fields": {"property": 17, "image": "property/bcc861a5-854f-4367-b433-689bd7f04c4f.jpg.webp"}}, {"model": "api.propertyimage", "pk": 104, "fields": {"property": 17, "image": "property/be045c11-c7e9-4099-9226-77a5961ee0e6.jpg.webp"}}, {"model": "api.propertyimage", "pk": 105, "fields": {"property": 17, "image": "property/e749397a-2a33-4cc5-ad69-9293a7ce6ac3.jpg.webp"}}, {"model": "api.propertyimage", "pk": 106, "fields": {"property": 18, "image": "property/3cf2b3be-6310-4fca-9045-098393bc28ba.jpeg.webp"}}, {"model": "api.propertyimage", "pk": 107, "fields": {"property": 18, "image": "property/93eb5c2b-b3b5-4452-9ec3-c84b466b919a.jpeg.webp"}}, {"model": "api.propertyimage", "pk": 108, "fields": {"property": 18, "image": "property/829c2dd2-3e63-400e-800a-8cefe9b6b457.jpeg.webp"}}, {"model": "api.propertyimage", "pk": 109, "fields": {"property": 18, "image": "property/072686f0-a642-4a16-b6ad-314115955e70.jpeg.webp"}}, {"model": "api.propertyimage", "pk": 110, "fields": {"property": 18, "image": "property/ab16ea28-6e57-497c-9430-6aca132903a6.jpeg.webp"}}, {"model": "api.propertyimage", "pk": 111, "fields": {"property": 19, "image": "property/4ec6b88d-7fbd-4561-9419-54078013e78b.jpg.webp"}}, {"model": "api.propertyimage", "pk": 112, "fields": {"property": 19, "image": "property/27bcdb15-54cb-4e11-aea8-0311fd036908.jpg.webp"}}, {"model": "api.propertyimage", "pk": 113, "fields": {"property": 19, "image": "property/27698df3-5b4f-415d-ba2e-3e50ee6f2404.jpg.webp"}}, {"model": "api.propertyimage", "pk": 114, "fields": {"property": 19, "image": "property/835589f7-2011-458c-9304-b8462d3822e4.jpg.webp"}}, {"model": "api.propertyimage", "pk": 115, "fields": {"property": 19, "image": "property/be6b9002-7216-444c-b471-fe6f06e59937.jpg.webp"}}, {"model": "api.propertyimage", "pk": 116, "fields": {"property": 20, "image": "property/5dfbc368-53e7-4b67-b83e-4f876cb3b7b4.jpg.webp"}}, {"model": "api.propertyimage", "pk": 117, "fields": {"property": 20, "image": "property/34e0212c-f29c-4f82-95b7-8fa336a61454.jpg.webp"}}, {"model": "api.propertyimage", "pk": 118, "fields": {"property": 20, "image": "property/93c6bf33-e7e3-4a40-9ee4-5e87324a185c.jpg.webp"}}, {"model": "api.propertyimage", "pk": 119, "fields": {"property": 20, "image": "property/cd34c6f6-f338-4a4c-8878-483b1a1df282.jpg.webp"}}, {"model": "api.propertyimage", "pk": 120, "fields": {"property": 20, "image": "property/d5bad4c6-b1cd-4377-bbdf-b072c8a2a38e.jpg.webp"}}, {"model": "api.reservation", "pk": 1, "fields": {"user": 3, "property": 1, "start_date": "2023-04-29", "end_date": "2023-05-01", "created_at": "2023-04-14T20:23:52.329Z", "message": "We would to stay at this place!", "guest": 2, "status": "Pending"}}, {"model": "api.reservation", "pk": 2, "fields": {"user": 3, "property": 5, "start_date": "2023-05-04", "end_date": "2023-05-11", "created_at": "2023-04-14T20:24:29.832Z", "message": "We would love to stay at this place!", "guest": 2, "status": "Pending"}}, {"model": "api.reservation", "pk": 3, "fields": {"user": 3, "property": 17, "start_date": "2023-07-04", "end_date": "2023-08-11", "created_at": "2023-04-14T20:25:09.006Z", "message": "Cant wait to stay here!", "guest": 5, "status": "Pending"}}, {"model": "api.reservation", "pk": 4, "fields": {"user": 2, "property": 1, "start_date": "2023-05-07", "end_date": "2023-05-08", "created_at": "2023-04-14T20:26:27.953Z", "message": "For only one night", "guest": 1, "status": "Pending"}}, {"model": "api.reservation", "pk": 5, "fields": {"user": 2, "property": 10, "start_date": "2023-06-07", "end_date": "2023-06-08", "created_at": "2023-04-14T20:26:50.041Z", "message": "For only one night", "guest": 1, "status": "Pending"}}, {"model": "api.reservation", "pk": 6, "fields": {"user": 2, "property": 20, "start_date": "2023-07-07", "end_date": "2023-08-08", "created_at": "2023-04-14T20:27:18.826Z", "message": "For family gathering", "guest": 4, "status": "Pending"}}, {"model": "api.notification", "pk": 1, "fields": {"user": 1, "reservation": 1, "created_at": "2023-04-14T20:23:52.332Z", "is_read": false, "is_cleared": false, "message": "Alice23 has requested a new reservation for Luxury Suite W/ Amazing City View + Free Parking!"}}, {"model": "api.notification", "pk": 2, "fields": {"user": 1, "reservation": 2, "created_at": "2023-04-14T20:24:29.835Z", "is_read": false, "is_cleared": false, "message": "Alice23 has requested a new reservation for Cozy European Condo"}}, {"model": "api.notification", "pk": 3, "fields": {"user": 1, "reservation": 3, "created_at": "2023-04-14T20:25:09.009Z", "is_read": false, "is_cleared": false, "message": "Alice23 has requested a new reservation for Tranquility by the Marina | 3 Bedroom Open Concept"}}, {"model": "api.notification", "pk": 4, "fields": {"user": 1, "reservation": 4, "created_at": "2023-04-14T20:26:27.955Z", "is_read": false, "is_cleared": false, "message": "Benny has requested a new reservation for Luxury Suite W/ Amazing City View + Free Parking!"}}, {"model": "api.notification", "pk": 5, "fields": {"user": 1, "reservation": 5, "created_at": "2023-04-14T20:26:50.044Z", "is_read": false, "is_cleared": false, "message": "Benny has requested a new reservation for Montegufoni - Montegufoni 14"}}, {"model": "api.notification", "pk": 6, "fields": {"user": 1, "reservation": 6, "created_at": "2023-04-14T20:27:18.829Z", "is_read": false, "is_cleared": false, "message": "Benny has requested a new reservation for Amanda’s Cozy 2-Bedroom Suite"}}]